<Frame name="OutfitterOptionsFrame" hidden="false" setAllPoints="true">
<Layers>
	<Layer level="BACKGROUND">
		<Texture name="$parentBackground" file="Interface\Addons\Outfitter\Textures\MinimapButton">
			<Size>
				<AbsDimension x="280" y="280"/>
			</Size>
			<Anchors>
				<Anchor point="CENTER">
					<Offset>
						<AbsDimension x="0" y="-30"/>
					</Offset>
				</Anchor>
			</Anchors>
		</Texture>
	</Layer>
	<Layer level="OVERLAY">
		<FontString text="Outfitter_cOptionsTitle" inherits="GameFontNormalLarge">
			<Anchors>
				<Anchor point="TOP">
					<Offset>
						<AbsDimension x="0" y="-36"/>
					</Offset>
				</Anchor>
			</Anchors>
		</FontString>
	</Layer>
</Layers>
<Frames>
	<CheckButton name="OutfitterShowMinimapButton" inherits="OptionsCheckButtonTemplate">
		<Anchors>
			<Anchor point="TOPLEFT">
				<Offset>
					<AbsDimension x="15" y="-120"/>
				</Offset>
			</Anchor>
		</Anchors>
		<Scripts>
			<OnLoad>
				getglobal(this:GetName().."Text"):SetText(Outfitter_cShowMinimapButton);
			</OnLoad>
			<OnClick>
				Outfitter_SetShowMinimapButton(this:GetChecked());
			</OnClick>
			<OnEnter>
				if this:GetChecked() then
					GameTooltip_AddNewbieTip(Outfitter_cShowMinimapButton, 1.0, 1.0, 1.0, Outfitter_cShowMinimapButtonOnDescription, 1);
				else
					GameTooltip_AddNewbieTip(Outfitter_cShowMinimapButton, 1.0, 1.0, 1.0, Outfitter_cShowMinimapButtonOffDescription, 1);
				end
			</OnEnter>
			<OnLeave>
				GameTooltip:Hide();
			</OnLeave>
		</Scripts>
	</CheckButton>
	<CheckButton name="OutfitterRememberVisibility" inherits="OptionsCheckButtonTemplate">
		<Anchors>
			<Anchor point="TOPLEFT" relativeTo="OutfitterShowMinimapButton" relativePoint="BOTTOMLEFT">
				<Offset>
					<AbsDimension x="0" y="-10"/>
				</Offset>
			</Anchor>
		</Anchors>
		<Scripts>
			<OnLoad>
				getglobal(this:GetName().."Text"):SetText(Outfitter_cRememberVisibility);
			</OnLoad>
			<OnClick>
				Outfitter_SetRememberVisibility(this:GetChecked());
			</OnClick>
			<OnEnter>
				if this:GetChecked() then
					GameTooltip_AddNewbieTip(Outfitter_cRememberVisibility, 1.0, 1.0, 1.0, Outfitter_cRememberVisibilityOnDescription, 1);
				else
					GameTooltip_AddNewbieTip(Outfitter_cRememberVisibility, 1.0, 1.0, 1.0, Outfitter_cRememberVisibilityOffDescription, 1);
				end
			</OnEnter>
			<OnLeave>
				GameTooltip:Hide();
			</OnLeave>
		</Scripts>
	</CheckButton>
	<CheckButton name="OutfitterShowHotkeyMessages" inherits="OptionsCheckButtonTemplate">
		<Anchors>
			<Anchor point="TOPLEFT" relativeTo="OutfitterRememberVisibility" relativePoint="BOTTOMLEFT">
				<Offset>
					<AbsDimension x="0" y="-10"/>
				</Offset>
			</Anchor>
		</Anchors>
		<Scripts>
			<OnLoad>
				getglobal(this:GetName().."Text"):SetText(Outfitter_cShowHotkeyMessages);
			</OnLoad>
			<OnClick>
				Outfitter_SetShowHotkeyMessages(this:GetChecked());
			</OnClick>
			<OnEnter>
				if this:GetChecked() then
					GameTooltip_AddNewbieTip(Outfitter_cShowHotkeyMessages, 1.0, 1.0, 1.0, Outfitter_cShowHotkeyMessagesOnDescription, 1);
				else
					GameTooltip_AddNewbieTip(Outfitter_cShowHotkeyMessages, 1.0, 1.0, 1.0, Outfitter_cShowHotkeyMessagesOffDescription, 1);
				end
			</OnEnter>
			<OnLeave>
				GameTooltip:Hide();
			</OnLeave>
		</Scripts>
	</CheckButton>
</Frames>
<Scripts>
	<OnLoad>
		OutfitterOptionsFrameBackground:SetVertexColor(1, 1, 1, 0.20);
	</OnLoad>
</Scripts>
</Frame>