<UI xmlns="http://www.blizzard.com/wow/ui/" xmlns:xsi="http://www.w3.org/2001/XMLSchema-instance"
	xsi:schemaLocation="http://www.blizzard.com/wow/ui/FrameXML/UI.xsd">
	<Frame name="BGICONS" hidden="true" setAllPoints="true">	
		<Layers>
			<Layer level="BACKGROUND">
				<Texture name="South_Bunker_Placeholder" hidden="false" file="Interface\Addons\avhelper\textures\bunker_alliance">
					<Size>
						<AbsDimension x="20" y="20"/>
					</Size>
					<Anchors>
						<Anchor point="CENTER">
							<Offset>
								<AbsDimension x="20" y="350"/>
							</Offset>
						</Anchor>
					</Anchors>
				</Texture>
				
				
				<Texture name="North_Bunker_Placeholder" hidden="false" file="Interface\Addons\avhelper\textures\bunker_alliance">
					<Size>
						<AbsDimension x="20" y="20"/>
					</Size>
					<Anchors>
						<Anchor point="CENTER">
							<Offset>
								<AbsDimension x="40" y="350"/>
							</Offset>
						</Anchor>
					</Anchors>
				</Texture>
				
				
				
				<Texture name="Icewing_Bunker_Placeholder" hidden="false" file="Interface\Addons\avhelper\textures\bunker_alliance">
					<Size>
						<AbsDimension x="20" y="20"/>
					</Size>
					<Anchors>
						<Anchor point="CENTER">
							<Offset>
								<AbsDimension x="60" y="350"/>
							</Offset>
						</Anchor>
					</Anchors>
				</Texture>
				
				
				
				<Texture name="Stonehearth_Bunker_Placeholder" hidden="false" file="Interface\Addons\avhelper\textures\bunker_alliance">
					<Size>
						<AbsDimension x="20" y="20"/>
					</Size>
					<Anchors>
						<Anchor point="CENTER">
							<Offset>
								<AbsDimension x="80" y="350"/>
							</Offset>
						</Anchor>
					</Anchors>
				</Texture>
				
				
				
				<Texture name="Stormpike_Aid_Station_Placeholder" hidden="false" file="Interface\Addons\avhelper\textures\Alliance_GY">
					<Size>
						<AbsDimension x="20" y="20"/>
					</Size>
					<Anchors>
						<Anchor point="CENTER">
							<Offset>
								<AbsDimension x="100" y="350"/>
							</Offset>
						</Anchor>
					</Anchors>
				</Texture>
				
				
				
				<Texture name="West_Tower_Placeholder" hidden="false" file="Interface\Addons\avhelper\textures\bunker_alliance">
					<Size>
						<AbsDimension x="20" y="20"/>
					</Size>
					<Anchors>
						<Anchor point="CENTER">
							<Offset>
								<AbsDimension x="-20" y="350"/>
							</Offset>
						</Anchor>
					</Anchors>
				</Texture>
				
				
				<Texture name="East_Tower_Placeholder" hidden="false" file="Interface\Addons\avhelper\textures\bunker_alliance">
					<Size>
						<AbsDimension x="20" y="20"/>
					</Size>
					<Anchors>
						<Anchor point="CENTER">
							<Offset>
								<AbsDimension x="-40" y="350"/>
							</Offset>
						</Anchor>
					</Anchors>
				</Texture>
				
				
				<Texture name="Tower_Point_Placeholder" hidden="false" file="Interface\Addons\avhelper\textures\bunker_alliance">
					<Size>
						<AbsDimension x="20" y="20"/>
					</Size>
					<Anchors>
						<Anchor point="CENTER">
							<Offset>
								<AbsDimension x="-60" y="350"/>
							</Offset>
						</Anchor>
					</Anchors>
				</Texture>
				
				
				<Texture name="Iceblood_Tower_Placeholder" hidden="false" file="Interface\Addons\avhelper\textures\bunker_alliance">
					<Size>
						<AbsDimension x="20" y="20"/>
					</Size>
					<Anchors>
						<Anchor point="CENTER">
							<Offset>
								<AbsDimension x="-80" y="350"/>
							</Offset>
						</Anchor>
					</Anchors>
				</Texture>
				
				
				
				<Texture name="Frostwolf_Relief_Hut_Placeholder" hidden="false" file="Interface\Addons\avhelper\textures\Alliance_GY">
					<Size>
						<AbsDimension x="20" y="20"/>
					</Size>
					<Anchors>
						<Anchor point="CENTER">
							<Offset>
								<AbsDimension x="-100" y="350"/>
							</Offset>
						</Anchor>
					</Anchors>
				</Texture>
				
				
			</Layer>
			
			
			
			<Layer level="OVERLAY">
				<FontString text="Alliance" inherits="GameFontHighlightSmall">
					<Anchors>
						<Anchor point="TOP">
							<Offset>
								<AbsDimension x="60" y="-10"/>
							</Offset>
						</Anchor>
					</Anchors>
				</FontString>
				<FontString text="Horde" inherits="GameFontHighlightSmall">
					<Anchors>
						<Anchor point="TOP">
							<Offset>
								<AbsDimension x="-60" y="-10"/>
							</Offset>
						</Anchor>
					</Anchors>
				</FontString>
				
				<FontString text="Heals" inherits="GameFontHighlightSmall">
					<Anchors>
						<Anchor point="TOP">
							<Offset>
								<AbsDimension x="-55" y="-59"/>
							</Offset>
						</Anchor>
					</Anchors>
				</FontString>
				
				<FontString name="drekhealth" text="100%" inherits="GameFontHighlightSmall">
					<Anchors>
						<Anchor point="TOP">
							<Offset>
								<AbsDimension x="-140" y="-55"/>
							</Offset>
						</Anchor>
					</Anchors>
				</FontString>
				
				<FontString name="vanhealth" text="100%" inherits="GameFontHighlightSmall">
					<Anchors>
						<Anchor point="TOP">
							<Offset>
								<AbsDimension x="140" y="-55"/>
							</Offset>
						</Anchor>
					</Anchors>
				</FontString>
				
				<FontString name="guards" text="Guards Left: 4" inherits="GameFontNormal">
					<Anchors>
						<Anchor point="TOP">
							<Offset>
								<AbsDimension x="0" y="-80"/>
							</Offset>
						</Anchor>
					</Anchors>
				</FontString>
				
				
			</Layer>
			<Layer level="BACKGROUND">
			<Texture name="van1" hidden="false" file="Interface\Addons\avhelper\textures\van_idle">
				<Size>
					<AbsDimension x="40" y="40"/>
				</Size>
				<Anchors>
					<Anchor point="CENTER">
						<Offset>
							<AbsDimension x="140" y="350"/>
						</Offset>
					</Anchor>
				</Anchors>
			</Texture>

			
			<Texture name="drek1" hidden="false" file="Interface\Addons\avhelper\textures\drek_idle">
				<Size>
					<AbsDimension x="40" y="40"/>
				</Size>
				<Anchors>
					<Anchor point="CENTER">
						<Offset>
							<AbsDimension x="-140" y="350"/>
						</Offset>
					</Anchor>
				</Anchors>
			</Texture>
			
			<Texture name="drek2" hidden="true" file="Interface\Addons\avhelper\textures\drek_attacked">
				<Size>
					<AbsDimension x="40" y="40"/>
				</Size>
				<Anchors>
					<Anchor point="CENTER">
						<Offset>
							<AbsDimension x="-140" y="350"/>
						</Offset>
					</Anchor>
				</Anchors>
			</Texture>
			
			<Texture name="van2" hidden="true" file="Interface\Addons\avhelper\textures\van_attacked">
				<Size>
					<AbsDimension x="40" y="40"/>
				</Size>
				<Anchors>
					<Anchor point="CENTER">
						<Offset>
							<AbsDimension x="140" y="350"/>
						</Offset>
					</Anchor>
				</Anchors>
			</Texture>
			
		</Layer>
			
		</Layers>

	</Frame>
	
	
	
	<Frame name="Mana_Images" hidden="true" setAllPoints="true">
		<Layers>
			<Layer level="BACKGROUND">
				<Texture name="Mana1" file="Interface\Addons\avhelper\textures\mana_fill">
					<Size>
						<AbsDimension x="95" y="10"/>
					</Size>
					<Anchors>
						<Anchor point="CENTER">
							<Offset>
								<AbsDimension x="-55" y="320"/>
							</Offset>				
						</Anchor>
					</Anchors>
				</Texture>
				
				<Texture name="Mana2" file="Interface\Addons\avhelper\textures\mana_fill">
					<Size>
						<AbsDimension x="95" y="10"/>
					</Size>
					<Anchors>
					
						<Anchor point="CENTER">
							<Offset>
								<AbsDimension x="55" y="320"/>
							</Offset>			
						</Anchor>
							
					</Anchors>
				</Texture>
			</Layer>
			
			<Layer level="OVERLAY">
				<Texture name="Healmana" file="Interface\Addons\avhelper\textures\CastingBar_Border">
					<Size>
						<AbsDimension x="125" y="60"/>
					</Size>
					<Anchors>
						<Anchor point="CENTER">
							<Offset>
								<AbsDimension x="55" y="320"/>
							</Offset>
						</Anchor>
					</Anchors>
				</Texture>
				
				<Texture name="DPSmana" file="Interface\Addons\avhelper\textures\CastingBar_Border">
					<Size>
						<AbsDimension x="125" y="60"/>
					</Size>
					<Anchors>
						<Anchor point="CENTER">
							<Offset>
								<AbsDimension x="-55" y="320"/>
							</Offset>
						</Anchor>
					</Anchors>
				</Texture>
			</Layer>
		</Layers>
	</Frame>
	
			
	<Frame name="Boss_buttons" hidden="true" parent="Boss_Images" setAllPoints="true">
		<Frames>
			<Button name="Van_health_btn" hidden="false">
				<Size>
					<AbsDimension x="50" y="50" />
				</Size>
				<Anchors>
					<Anchor point="CENTER">
						<Offset>
							<AbsDimension x="140" y="350"/>
						</Offset>
					</Anchor>
				</Anchors>
				<HighlightTexture file="Interface\Buttons\UI-Common-MouseHilight" alphaMode="ADD" />
				<Scripts>
					<OnClick>
						Vans_health()
					</OnClick>
				</Scripts>
			</Button>
			
			<Button name="Drek_health_btn" hidden="false">
				<Size>
					<AbsDimension x="50" y="50" />
				</Size>
				<Anchors>
					<Anchor point="CENTER">
						<Offset>
							<AbsDimension x="-140" y="350"/>
						</Offset>
					</Anchor>
				</Anchors>

				<HighlightTexture file="Interface\Buttons\UI-Common-MouseHilight" alphaMode="ADD" />
				<Scripts>
					<OnClick>
						Drek_health();
					</OnClick>
				</Scripts>
			</Button>
			
		</Frames>
	</Frame>

	<Frame name="Mana_buttons" hidden="true" parent="Mana_Images" setAllPoints="true">
		<Frames>
			<Button name="MANA_btn" hidden="false">
				<Size>
					<AbsDimension x="300" y="40"/>
				</Size>
				<Anchors>
					<Anchor point="CENTER">
						<Offset>
							<AbsDimension x="0" y="320"/>
						</Offset>
					</Anchor>
				</Anchors>

				<HighlightTexture file="Interface\Buttons\UI-Common-MouseHilight" alphaMode="ADD" />
				<Scripts>
					<OnClick>
						BG_Mana()
					</OnClick>
				</Scripts>
			</Button>
			
			
		</Frames>
	</Frame>
	
	
	<Frame name="Guard_button" hidden="false" parent="Mana_Images" setAllPoints="true">
		<Frames>
			<Button name="guard_btn" hidden="false">
				<Size>
					<AbsDimension x="100" y="20"/>
				</Size>
				<Anchors>
					<Anchor point="CENTER">
						<Offset>
							<AbsDimension x="0" y="297"/>
						</Offset>
					</Anchor>
				</Anchors>

				<HighlightTexture file="Interface\Buttons\UI-Common-MouseHilight" alphaMode="ADD" />
				<Scripts>
					<OnClick>
						GuardsCount()
					</OnClick>
				</Scripts>
			</Button>
			
			
		</Frames>
	</Frame>

</UI>


