<UI xmlns="http://www.blizzard.com/wow/ui/" xmlns:xsi="http://www.w3.org/2001/XMLSchema-instance"
	xsi:schemaLocation="http://www.blizzard.com/wow/ui/FrameXML/UI.xsd">
		
	<Frame name="NPC_button" hidden="false" setAllPoints="true">
		<Frames>
			
			<Button name="NPC_health_btn" hidden="false">
				<Size>
					<AbsDimension x="50" y="50" />
				</Size>
				<Anchors>
					<Anchor point="CENTER">
						<Offset>
							<AbsDimension x="-545" y="340"/>
						</Offset>
					</Anchor>
				</Anchors>

				<HighlightTexture file="Interface\Buttons\UI-Common-MouseHilight" alphaMode="ADD" />
				<Scripts>
					<OnClick>
						tryDPS();
					</OnClick>
				</Scripts>
			</Button>
			
		</Frames>
	</Frame>
</UI>


